"Name","Category","Supplier","Store","Date","Description","Total Quantity","Generated By","Purchase Price ($)"
"Automatic Blood Pressure","Automatic Blood Pressure Cuff","VK Supplier","Vinay Pharmacy","06/30/2026","airnets, bouffant, and beard nets prevent hair from falling into food, pharmaceuticals, and other substances to ensure a clean and hygienic work area.","12","Super Admin (9001)","300.00"
"Uniform (Patient-Staff)","Uniforms","Quick Service","Vardaan","06/22/2026","Wearing a uniform in the workplace helps to identify employees, avoiding mistakes and uncomfortable situations.Staff Dress Code.","23","Super Admin (9001)","200.00"
"Automatic Blood Pressure","Automatic Blood Pressure Cuff","Quick Service","Vinay Pharmacy","06/12/2026","Displays simultaneous readings of systolic and diastolic blood pressure and puls","10","Super Admin (9001)","300.00"
"Surgical blades","Surgical blades","Quick Service","Vinay Pharmacy","06/08/2026","For prefilled syringes, plastic or glass syringes are the primary packaging devices","5","Super Admin (9001)","100.00"
"Medical  Equipment","Medical Equipment","Quick Service","Vinay Pharmacy","06/09/2026","High Quality Medical Equipment , Surgical Equipment , Surgical Instruments , Pharmaceutical Instruments and Pharmaceutical Testing Machines","12","Super Admin (9001)","200.00"
"Syringe","Syringe Packs","VK Supplier","SK Pharma","06/03/2026","","23","Super Admin (9001)","250.00"
"Syringe","Syringe Packs","VK Supplier","SK Pharma","05/30/2026","Disposable items stock","24","Super Admin (9001)","50.00"
"Automatic Blood Pressure","Automatic Blood Pressure Cuff","VK Supplier","Vardaan","05/28/2026","Displays simultaneous readings of systolic and diastolic blood pressure and pulse","10","Super Admin (9001)","500.00"
"Medical  Equipment","Medical Equipment","Quick Service","SK Pharma","05/21/2026","High Quality Medical Equipment , Surgical Equipment , Surgical Instruments , Pharmaceutical Instruments and Pharmaceutical Testing Machines","5","Super Admin (9001)","1000.00"
"Automatic Blood Pressure","Automatic Blood Pressure Cuff","Quick Service","SK Pharma","05/15/2026","airnets, bouffant, and beard nets prevent hair from falling into food, pharmaceuticals, and other substances to ensure a clean and hygienic work area.","10","Super Admin (9001)","600.00"
"Uniforms","Uniforms","VK Supplier","Vinay Pharmacy","05/12/2026","Monthly stock replenishment","12","Super Admin (9001)","300.00"
"Operating Scissors","Medical scissors","Quick Service","Vinay Pharmacy","05/08/2026","For prefilled syringes, plastic or glass syringes are the primary packaging devices","20","Super Admin (9001)","100.00"
"Uniform (Patient-Staff)","Uniforms","VK Supplier","SK Pharma","05/05/2026","Wearing a uniform in the workplace helps to identify employees, avoiding mistakes and uncomfortable situations.Staff Dress Code.","20","Super Admin (9001)","200.00"
"Operating Scissors","Medical scissors","Quick Service","Vardaan","04/16/2026","Disposable items stock","200","","15.00"
"Medical shoe and boot covers","Apparel","VK Supplier","SK Pharma","04/11/2026","Surgical items restock","30","","120.00"
"Automatic Blood Pressure","Automatic Blood Pressure Cuff","Quick Service","Vinay Pharmacy","04/06/2026","Regular supply","100","","25.00"
"Uniform (Patient-Staff)","Uniforms","VK Supplier","SK Pharma","04/03/2026","Monthly stock replenishment","50","","45.00"
"Medical  Equipment","Medical Equipment","VK Supplier","Vinay Pharmacy","03/31/2026","High Quality Medical Equipment Pharmaceutical Testing Machines","50","Super Admin (9001)","200.00"
"Uniform (Patient-Staff)","Uniforms","Quick Service","Vardaan","03/23/2026","Wearing a uniform in the workplace helps to identify employees, avoiding mistakes and uncomfortable situations.Staff Dress Code.","50","Super Admin (9001)","100.00"
"Operating Scissors","Medical scissors","VK Supplier","Vinay Pharmacy","03/16/2026","For prefilled syringes, plastic or glass syringes are the primary packaging devices","100","Super Admin (9001)","200.00"
"Automatic Blood Pressure","Automatic Blood Pressure Cuff","VK Supplier","Vinay Pharmacy","03/12/2026","airnets, bouffant, and beard nets prevent hair from falling into food, pharmaceuticals, and other substances to ensure a clean and hygienic work area.","100","Super Admin (9001)","250.00"
"Medical  Equipment","Medical Equipment","Quick Service","Vinay Pharmacy","03/09/2026","High Quality Medical Equipment , Surgical Equipment , Surgical Instruments , Pharmaceutical Instruments and Pharmaceutical Testing Machines","25","Super Admin (9001)","200.00"
"Syringe","Syringe Packs","VK Supplier","SK Pharma","03/06/2026","","23","Super Admin (9001)","200.00"
"Medical  Equipment","Medical Equipment","Quick Service","Vinay Pharmacy","02/21/2026","High Quality Medical Equipment Pharmaceutical Testing Machines","100","Super Admin (9001)","100.00"
"Operating Scissors","Medical scissors","VK Supplier","Vinay Pharmacy","02/28/2026","For prefilled syringes, plastic or glass syringes are the primary packaging devices.","100","Super Admin (9001)","100.00"
"Automatic Blood Pressure","Automatic Blood Pressure Cuff","VK Supplier","SK Pharma","02/25/2026","Hairnets, bouffant, and beard nets prevent hair from falling into food, pharmaceuticals, and other substances to ensure a clean and hygienic work area.","100","Super Admin (9001)","350.00"
"Uniform (Patient-Staff)","Uniforms","VK Supplier","Vardaan","02/18/2026","Wearing a uniform in the workplace helps to identify employees, avoiding mistakes and uncomfortable situations. Staff Dress Code.","50","Super Admin (9001)","250.00"
"Automatic Blood Pressure","Automatic Blood Pressure Cuff","Quick Service","Vinay Pharmacy","02/08/2026","Displays simultaneous readings of systolic and diastolic blood pressure and pulse","200","Super Admin (9001)","350.00"
"Syringe","Syringe Packs","VK Supplier","SK Pharma","02/05/2026","","200","Super Admin (9001)","234.00"
"Medical shoe and boot covers","Apparel","Quick Service","Vinay Pharmacy","01/25/2026","OT Dress Uniform","50","Super Admin (9001)","120.00"
"Automatic Blood Pressure","Automatic Blood Pressure Cuff","VK Supplier","SK Pharma","01/20/2026","Displays simultaneous readings of systolic and diastolic blood pressure and pulse.","100","Super Admin (9001)","200.00"
"Medical  Equipment","Medical Equipment","Quick Service","SK Pharma","01/15/2026","High Quality Medical Equipment , Surgical Equipment , Surgical Instruments , Pharmaceutical Instruments and Pharmaceutical Testing Machines","80","Super Admin (9001)","200.00"
"Uniform (Patient-Staff)","Uniforms","VK Supplier","Vardaan","01/10/2026","Wearing a uniform in the workplace helps to identify employees, avoiding mistakes and uncomfortable situations. Staff Dress Code.","50","Super Admin (9001)","150.00"
"Syringe","Syringe Packs","Quick Service","Vinay Pharmacy","01/05/2026","Syringe Packs","80","Super Admin (9001)","60.00"
"Bed Sheet","Bed Sheets","VK Supplier","SK Pharma","01/01/2026","Patient Bed Sheets","100","Super Admin (9001)","150.00"
"Surgical blade","Surgical blades","Quick Service","Vinay Pharmacy","12/18/2025","","100","Super Admin (9001)","80.00"
"Automatic Blood Pressure","Automatic Blood Pressure Cuff","Quick Service","Vinay Pharmacy","12/30/2025","High Quality Medical Equipment , Surgical Equipment , Surgical Instruments , Pharmaceutical Instrument.","15","Super Admin (9001)","180.00"
"Operating Scissors","Medical scissors","VK Supplier","SK Pharma","12/25/2025","For prefilled syringes, plastic or glass syringes are the primary packaging devices","25","Super Admin (9001)","130.00"
"Pharmacist Equipement","Medical Equipment","Quick Service","Vinay Pharmacy","12/20/2025","High Quality Medical Equipment Pharmaceutical Testing Machines","100","Super Admin (9001)","180.00"
"Dressing Cotton","Cotton Packs","VK Supplier","Vinay Pharmacy","12/15/2025","Dressing Cotton","45","Super Admin (9001)","120.00"
"Syringe","Syringe Packs","VK Supplier","Vardaan","12/10/2025","For prefilled syringes, plastic or glass syringes are the primary packaging devices.","50","Super Admin (9001)","120.00"
"Uniform (Patient-Staff)","Uniforms","Quick Service","Vinay Pharmacy","12/05/2025","Staff Dress Code using ot","20","Super Admin (9001)","180.00"
"Bed Sheet","Bed Sheets","VK Supplier","SK Pharma","12/01/2025","A bed sheet is a rectangular piece of cloth used either singly or in a pair as bedding, being placed immediately below or above bed occupants","50","Super Admin (9001)","150.00"
"Syringe","Syringe Packs","Quick Service","SK Pharma","11/30/2025","Syringe Packs","15","Super Admin (9001)","160.00"
"Medical shoe and boot covers","Apparel","VK Supplier","Vinay Pharmacy","11/25/2025","Hairnets, bouffant, and beard nets prevent hair from falling into food, pharmaceuticals, and other substances to ensure a clean and hygienic work area.","30","Super Admin (9001)","180.00"
"Dressing Cotton","Cotton Packs","Quick Service","SK Pharma","11/20/2025","Dressing Cotton","25","Super Admin (9001)","150.00"
"Uniform (Patient-Staff)","Uniforms","VK Supplier","Vardaan","11/15/2025","Wearing a uniform in the workplace helps to identify employees, avoiding mistakes and uncomfortable situations. Staff Dress Code.","20","Super Admin (9001)","150.00"
"Personal Protective Equipment Kit","Medical Equipment","Quick Service","Vinay Pharmacy","11/10/2025","High Quality Medical Equipment  Pharmaceutical Testing Machines.","15","Super Admin (9001)","200.00"
"Bed Sheet","Bed Sheets","Quick Service","Vinay Pharmacy","11/05/2025","A bed sheet is a rectangular piece of cloth used either singly or in a pair as bedding, being placed immediately below or above bed occupants","25","Super Admin (9001)","180.00"
"Syringe","Syringe Packs","VK Supplier","SK Pharma","11/01/2025","For prefilled syringes, plastic or glass syringes are the primary packaging devices.","50","Super Admin (9001)","150.00"
"Medical shoe and boot covers","Apparel","VK Supplier","Vardaan","10/30/2025","Staff Dress Code using ot","25","Super Admin (9001)","160.00"
"Operating Scissors","Medical scissors","Quick Service","Vardaan","10/25/2025","For prefilled syringes, plastic or glass syringes are the primary packaging devices.","35","Super Admin (9001)","180.00"
"Automatic Blood Pressure","Automatic Blood Pressure Cuff","VK Supplier","Vinay Pharmacy","10/20/2025","Displays simultaneous readings of systolic and diastolic blood pressure and pulse.","25","Super Admin (9001)","150.00"
"Uniform (Patient-Staff)","Uniforms","Quick Service","SK Pharma","10/15/2025","Wearing a uniform in the workplace helps to identify employees, avoiding mistakes and uncomfortable situations.Staff Dress Code.","30","Super Admin (9001)","180.00"